snapshot_date,lifecycle_segment,segment_size,segment_share,avg_recency_days,avg_active_days_30,avg_observations_30,avg_level_current,avg_level_gain_30,guild_member_share,fast_progressor_share,reactivated_share
2005-12-31,New Explorers,13,1.0,0.0,1.0,1.0,17.615384615384617,0.0,0.46153846153846156,0.0,0.0
2006-01-31,Casual Returners,1352,0.22903608334745046,10.968934911242604,3.3875739644970415,19.949704142011836,14.057692307692308,1.8661242603550297,0.0073964497041420114,0.03550295857988166,0.0
2006-01-31,Core Engaged,1505,0.2549551075724208,1.669767441860465,21.432558139534883,654.7574750830565,45.80664451827243,9.332225913621263,0.0,0.5322259136212625,0.0
2006-01-31,Fast Progressors,351,0.05946129086904964,6.4415954415954415,6.584045584045584,81.95441595441595,14.065527065527066,10.638176638176638,0.0,1.0,0.0
2006-01-31,Low Activity / Other,1902,0.32220904624767066,16.566246056782333,2.3848580441640377,14.466876971608833,9.393270241850683,1.1051524710830705,0.015247108307045216,0.012618296529968454,0.0
2006-01-31,New Explorers,793,0.13433847196340842,2.1765447667087012,1.730138713745271,21.132408575031526,6.64186633039092,3.167717528373266,0.0,0.17276166456494324,0.0
2006-02-28,At-Risk Players,360,0.041119360365505425,19.755555555555556,2.875,43.325,31.455555555555556,0.5777777777777777,0.0,0.005555555555555556,0.0
2006-02-28,Casual Returners,1335,0.15248429468874927,9.522097378277154,3.349812734082397,18.45318352059925,12.325842696629213,1.9662921348314606,0.0,0.041947565543071164,0.0
2006-02-28,Core Engaged,1578,0.18023986293546546,1.314955640050697,21.345373891001266,672.0095057034221,46.347275031685676,9.013941698352344,0.0,0.5012674271229405,0.0
2006-02-28,Fast Progressors,359,0.04100513992004569,7.220055710306407,6.6824512534818945,79.74094707520891,13.724233983286908,10.671309192200557,0.0,1.0,0.0
2006-02-28,Lapsed Players,2422,0.2766419189034837,43.99628406275805,0.0,0.0,9.20148637489678,0.0,0.012799339388934764,0.0,0.0
2006-02-28,Low Activity / Other,1886,0.21541976013706454,16.80540827147402,2.3218451749734887,12.923647932131495,8.237009544008483,1.0646871686108166,0.0,0.009013785790031814,0.0
2006-02-28,New Explorers,756,0.08635065676756139,2.041005291005291,1.757936507936508,25.265873015873016,6.167989417989418,3.681216931216931,0.0,0.19973544973544974,0.0
2006-02-28,Reactivated Players,59,0.0067390062821245005,2.288135593220339,1.4067796610169492,12.305084745762711,15.338983050847459,0.6779661016949152,0.0,0.01694915254237288,1.0
2006-03-31,At-Risk Players,470,0.04227379025004497,20.719148936170214,2.8085106382978724,35.17659574468085,32.53829787234042,0.40638297872340423,0.0,0.006382978723404255,0.0
2006-03-31,Casual Returners,1169,0.10514481021766504,9.455945252352437,3.46792130025663,16.20102651839179,13.85885372112917,1.2523524379811806,0.0,0.06159110350727117,0.0
2006-03-31,Core Engaged,1446,0.1300593631948192,1.5463347164591978,20.70470262793914,596.0435684647302,47.47579529737206,7.686030428769018,0.0,0.487551867219917,0.0
2006-03-31,Fast Progressors,335,0.030131318582478864,7.838805970149254,6.376119402985075,64.57910447761193,13.943283582089553,8.33134328358209,0.0,1.0,0.0
2006-03-31,Lapsed Players,5334,0.47976254722072315,57.98950131233596,0.0,0.0,9.426321709786277,0.0,0.0054368203974503185,0.0,0.0
2006-03-31,Low Activity / Other,1702,0.15308508724590753,16.731492361927145,2.2602820211515864,10.888366627497062,9.303760282021152,0.8343125734430082,0.0,0.038190364277320796,0.0
2006-03-31,New Explorers,544,0.04892966360856269,2.514705882352941,1.7904411764705883,24.93014705882353,5.911764705882353,3.244485294117647,0.0,0.2775735294117647,0.0
2006-03-31,Reactivated Players,118,0.010613419679798525,2.9237288135593222,1.2457627118644068,6.305084745762712,20.1864406779661,0.3983050847457627,0.0,0.03389830508474576,1.0
2006-04-30,At-Risk Players,384,0.028846153846153848,20.197916666666668,2.7994791666666665,29.708333333333332,31.96875,0.3567708333333333,0.0,0.0026041666666666665,0.0
2006-04-30,Casual Returners,1153,0.08661358173076923,9.555941023417173,3.495229835212489,16.681699913269732,15.63052905464007,1.2636600173460537,0.0,0.06331309627059845,0.0
2006-04-30,Core Engaged,1417,0.1064453125,1.4495412844036697,20.557515878616798,610.394495412844,48.26534932956951,6.6866619618913195,0.0,0.4417784050811574,0.0
2006-04-30,Fast Progressors,302,0.022686298076923076,8.397350993377483,5.864238410596027,59.82781456953642,13.324503311258278,8.665562913907285,0.0,1.0,0.0
2006-04-30,Lapsed Players,7610,0.5716646634615384,73.90591327201051,0.0,0.0,9.8419185282523,0.0,0.0036793692509855453,0.0,0.0
2006-04-30,Low Activity / Other,1691,0.12702824519230768,17.27794204612655,2.3039621525724425,10.191602602010645,9.607924305144884,0.735659373151981,0.0,0.039621525724423415,0.0
2006-04-30,New Explorers,614,0.04612379807692308,2.2866449511400653,1.9071661237785016,25.28501628664495,5.884364820846906,3.5618892508143323,0.0,0.28013029315960913,0.0
2006-04-30,Reactivated Players,141,0.010591947115384616,2.3191489361702127,1.3687943262411348,9.056737588652481,15.97872340425532,0.7163120567375887,0.0,0.05673758865248227,1.0
2006-05-31,At-Risk Players,390,0.025385666861941027,19.22820512820513,3.1717948717948716,43.41025641025641,33.12564102564102,0.37948717948717947,0.0,0.01282051282051282,0.0
2006-05-31,Casual Returners,1152,0.07498535442296426,9.272569444444445,3.420138888888889,14.047743055555555,14.6875,1.1493055555555556,0.0,0.06944444444444445,0.0
2006-05-31,Core Engaged,1386,0.09021675454012888,1.132034632034632,21.364357864357864,604.6637806637807,48.086580086580085,6.984126984126984,0.0,0.4444444444444444,0.0
2006-05-31,Fast Progressors,278,0.018095424070819502,8.20503597122302,5.679856115107913,56.014388489208635,12.66906474820144,8.755395683453237,0.0,1.0,0.0
2006-05-31,Lapsed Players,9858,0.6416715485256785,89.69080949482654,0.0,0.0,9.886082369649015,0.0,0.0028403327246906067,0.0,0.0
2006-05-31,Low Activity / Other,1664,0.10831217861094838,16.150240384615383,2.464543269230769,10.345552884615385,11.213341346153847,0.703125,0.0,0.03064903846153846,0.0
2006-05-31,New Explorers,484,0.031504263490203736,1.993801652892562,1.7334710743801653,18.177685950413224,5.353305785123967,3.121900826446281,0.0,0.2665289256198347,0.0
2006-05-31,Reactivated Players,151,0.009828809477315629,2.251655629139073,1.3576158940397351,7.311258278145695,19.774834437086092,0.609271523178808,0.0,0.033112582781456956,1.0
2006-06-30,At-Risk Players,358,0.020799442249593306,19.787709497206706,2.804469273743017,39.03631284916201,32.150837988826815,0.40782122905027934,0.0,0.019553072625698324,0.0
2006-06-30,Casual Returners,1207,0.07012549384150593,9.43579121789561,3.444076222038111,14.704225352112676,16.576636288318145,1.0729080364540182,0.0,0.09030654515327258,0.0
2006-06-30,Core Engaged,1337,0.07767836393214037,1.6088257292445773,20.779356768885563,552.2363500373972,48.952131637995514,5.697083021690352,0.0,0.43904263275991023,0.0
2006-06-30,Fast Progressors,337,0.01957936323495236,8.409495548961424,5.851632047477745,58.21364985163205,13.970326409495549,7.905044510385757,0.0,1.0,0.0
2006-06-30,Lapsed Players,11777,0.6842319312107832,105.27570688630381,0.0,0.0,9.859217118111573,0.0,0.00237751549630636,0.0,0.0
2006-06-30,Low Activity / Other,1617,0.09394608412735302,17.176252319109462,2.0377241805813235,8.444032158317873,10.901051329622758,0.7074829931972789,0.0,0.06740878169449598,0.0
2006-06-30,New Explorers,390,0.022658610271903322,2.3153846153846156,1.8051282051282052,21.653846153846153,5.723076923076923,3.5846153846153848,0.0,0.41025641025641024,0.0
2006-06-30,Reactivated Players,189,0.010980711131768534,2.5502645502645502,1.3703703703703705,7.936507936507937,17.78306878306878,0.4021164021164021,0.0,0.037037037037037035,1.0
2006-07-31,At-Risk Players,350,0.01885166433265108,19.045714285714286,2.9914285714285715,30.045714285714286,33.67142857142857,0.3742857142857143,0.0,0.008571428571428572,0.0
2006-07-31,Casual Returners,1110,0.059786706883550575,7.95945945945946,3.5198198198198196,15.028828828828829,17.614414414414416,0.7144144144144144,0.0,0.05945945945945946,0.0
2006-07-31,Core Engaged,1215,0.0654422061833459,1.4362139917695473,21.247736625514403,561.99341563786,50.062551440329216,5.690534979423869,0.0,0.3983539094650206,0.0
2006-07-31,Fast Progressors,300,0.016158569427986644,7.28,6.28,61.1,14.573333333333334,7.6066666666666665,0.0,1.0,0.0
2006-07-31,Lapsed Players,13747,0.7404395130884412,121.10547755874009,0.0,0.0,10.026260274969085,0.0,0.001964064886884411,0.0,0.0
2006-07-31,Low Activity / Other,1312,0.07066681029839492,16.669969512195124,2.673780487804878,12.979420731707316,13.730182926829269,0.6227134146341463,0.0,0.04954268292682927,0.0
2006-07-31,New Explorers,337,0.018151459657438328,2.1038575667655786,1.9080118694362018,24.299703264094955,5.6973293768546,3.72106824925816,0.0,0.40059347181008903,0.0
2006-07-31,Reactivated Players,195,0.010503070128191317,2.235897435897436,1.476923076923077,8.271794871794873,15.938461538461539,0.49743589743589745,0.0,0.03076923076923077,1.0
2006-08-31,At-Risk Players,293,0.014768889560965774,19.474402730375427,3.1808873720136517,41.33105802047782,36.484641638225256,0.3890784982935154,0.0,0.04436860068259386,0.0
2006-08-31,Casual Returners,1056,0.0532284893391804,9.032196969696969,3.493371212121212,13.594696969696969,18.181818181818183,0.6221590909090909,0.0,0.0625,0.0
2006-08-31,Core Engaged,1193,0.060134079338676344,1.6697401508801342,21.114836546521374,557.2011735121542,50.27158424140821,5.387259010896899,0.0,0.413243922883487,0.0
2006-08-31,Fast Progressors,359,0.01809567014466455,7.816155988857939,6.233983286908078,57.089136490250695,16.114206128133706,6.587743732590529,0.0,1.0,0.0
2006-08-31,Lapsed Players,15145,0.7633953324260295,139.90954110267415,0.0,0.0,10.144139980191483,0.0,0.001650709805216243,0.0,0.0
2006-08-31,Low Activity / Other,1379,0.06950955189273653,16.15083393763597,2.4945612762871647,10.598259608411892,13.221899927483683,0.5409717186366932,0.0,0.07541696881798404,0.0
2006-08-31,New Explorers,245,0.01234941277282121,2.563265306122449,1.7714285714285714,21.93469387755102,5.579591836734694,2.9183673469387754,0.0,0.43673469387755104,0.0
2006-08-31,Reactivated Players,169,0.00851857452492565,2.4792899408284024,1.3609467455621302,7.502958579881657,20.585798816568047,0.35502958579881655,0.0,0.03550295857988166,1.0
2006-09-30,At-Risk Players,370,0.0177799135031235,18.083783783783783,2.9756756756756757,31.145945945945947,34.82432432432432,0.35135135135135137,0.0,0.08648648648648649,0.0
2006-09-30,Casual Returners,924,0.044401729937530034,8.722943722943723,3.396103896103896,11.784632034632034,19.545454545454547,0.5108225108225108,0.0,0.09307359307359307,0.0
2006-09-30,Core Engaged,1031,0.049543488707352236,1.437439379243453,21.255092143549952,591.2657613967023,52.48205625606207,3.903976721629486,0.0,0.35984481086323955,0.0
2006-09-30,Fast Progressors,284,0.013647284959154253,6.295774647887324,6.21830985915493,56.151408450704224,19.12323943661972,5.542253521126761,0.0,1.0,0.0
2006-09-30,Lapsed Players,16675,0.8012974531475252,155.99652173913043,0.0,0.0,10.307106446776611,0.0,0.0014992503748125937,0.0,0.0
2006-09-30,Low Activity / Other,1134,0.05449303219605959,16.401234567901234,2.101410934744268,8.059082892416226,13.208112874779541,0.41005291005291006,0.0,0.09700176366843033,0.0
2006-09-30,New Explorers,223,0.010716001922152812,2.6547085201793723,1.5605381165919283,11.596412556053812,4.780269058295964,2.4349775784753365,0.0,0.4439461883408072,0.0
2006-09-30,Reactivated Players,169,0.008121095627102354,2.591715976331361,1.3727810650887573,8.846153846153847,20.414201183431953,0.4911242603550296,0.0,0.08284023668639054,1.0
2006-10-31,At-Risk Players,239,0.010952250022912656,19.01255230125523,2.6443514644351462,30.267782426778243,38.27196652719665,0.30962343096234307,0.0,0.029288702928870293,0.0
2006-10-31,Casual Returners,979,0.04486298231142884,7.837589376915219,3.537282941777324,13.1511746680286,20.310520939734424,0.5127681307456589,0.0,0.05107252298263534,0.0
2006-10-31,Core Engaged,1022,0.046833470809275045,1.3727984344422701,20.407045009784735,518.9334637964774,51.28962818003914,4.26614481409002,0.0,0.35812133072407043,0.0
2006-10-31,Fast Progressors,219,0.010035743744844653,7.28310502283105,6.242009132420091,58.757990867579906,17.328767123287673,6.52054794520548,0.0,1.0,0.0
2006-10-31,Lapsed Players,17736,0.8127577673907066,175.85588633288228,0.0,0.0,10.306495263870096,0.0,0.0014095624718087505,0.0,0.0
2006-10-31,Low Activity / Other,1184,0.05425717166162588,15.99831081081081,2.347972972972973,9.68581081081081,15.565878378378379,0.41300675675675674,0.0,0.05827702702702703,0.0
2006-10-31,New Explorers,248,0.011364677848043259,1.9838709677419355,1.7862903225806452,22.419354838709676,5.935483870967742,3.774193548387097,0.0,0.4637096774193548,0.0
2006-10-31,Reactivated Players,195,0.008935936211163046,2.0358974358974358,1.5384615384615385,11.984615384615385,22.584615384615386,0.7794871794871795,0.0,0.07692307692307693,1.0
2006-11-30,At-Risk Players,259,0.00983706179497892,19.042471042471043,2.833976833976834,29.347490347490346,38.06563706563706,0.2471042471042471,0.0,0.05405405405405406,0.0
2006-11-30,Casual Returners,1914,0.0726955068555585,8.58098223615465,3.361546499477534,13.337513061650993,23.794670846394986,0.40334378265412746,0.0,0.06635318704284221,0.0
2006-11-30,Core Engaged,1907,0.07242964032055908,1.696906135291033,19.3696906135291,483.6948085998951,51.115888830624016,4.508652333508128,0.0,0.3917147351861563,0.0
2006-11-30,Fast Progressors,560,0.021269322799954422,7.269642857142857,5.973214285714286,48.59107142857143,18.175,5.078571428571428,0.0,1.0,0.0
2006-11-30,Lapsed Players,18731,0.7114208667249041,194.69633228338049,0.0,0.0,10.426885911056537,0.0,0.0013346858149591587,0.0,0.0
2006-11-30,Low Activity / Other,2142,0.08135515970982567,16.03361344537815,2.3286647992530347,9.374416433239963,17.18394024276377,0.3585434173669468,0.0,0.07889822595704948,0.0
2006-11-30,New Explorers,639,0.024269816552090852,2.3943661971830985,1.6510172143974962,15.730829420970267,13.03755868544601,1.9953051643192488,0.0,0.28482003129890454,0.0
2006-11-30,Reactivated Players,177,0.006722625242128451,2.694915254237288,1.2881355932203389,5.68361581920904,21.480225988700564,0.2655367231638418,0.0,0.06779661016949153,1.0
2006-12-31,At-Risk Players,438,0.015443743168435527,19.152968036529682,2.9794520547945207,29.26255707762557,38.04109589041096,0.3242009132420091,0.0,0.0821917808219178,0.0
2006-12-31,Casual Returners,1749,0.061669193610944605,8.554602630074328,3.4425385934819897,13.770726129216696,23.62264150943396,0.39622641509433965,0.0,0.06632361349342482,0.0
2006-12-31,Core Engaged,1858,0.06551249955925391,1.5150699677072121,20.216361679224974,491.70129171151774,51.396124865446716,4.271259418729817,0.0,0.39289558665231433,0.0
2006-12-31,Fast Progressors,530,0.018687634427558972,6.422641509433962,6.152830188679245,52.64528301886792,19.160377358490567,4.966037735849056,0.0,1.0,0.0
2006-12-31,Lapsed Players,21003,0.7405592186453228,203.60829405323048,0.0,0.0,10.815550159501024,0.0,0.0011903061467409418,0.0,0.0
2006-12-31,Low Activity / Other,2041,0.07196502238990163,16.16217540421362,2.4360607545320923,9.716315531602156,18.333659970602646,0.31749142577168055,0.0,0.06859382655561,0.0
2006-12-31,New Explorers,458,0.016148936920418886,2.148471615720524,1.6550218340611353,16.53711790393013,9.34934497816594,2.506550218340611,0.0,0.388646288209607,0.0
2006-12-31,Reactivated Players,284,0.010013751278163676,2.066901408450704,1.295774647887324,6.957746478873239,23.383802816901408,0.3274647887323944,0.0,0.09154929577464789,1.0
2007-01-31,At-Risk Players,501,0.016547214056874857,20.063872255489024,2.708582834331337,25.491017964071855,40.51297405189621,0.1596806387225549,0.0,0.06187624750499002,0.0
2007-01-31,Casual Returners,1614,0.05330779139280642,8.515489467162329,3.392193308550186,13.877942998760842,24.213135068153655,0.40582403965303593,0.0,0.07496902106567534,0.0
2007-01-31,Core Engaged,1756,0.05799782012748951,1.6241457858769932,18.96469248291572,427.73348519362185,51.44362186788155,3.983485193621868,0.0,0.3895216400911162,0.0
2007-01-31,Fast Progressors,423,0.013971001089936255,7.009456264775413,5.947990543735225,48.182033096926716,18.257683215130022,5.148936170212766,0.0,1.0,0.0
2007-01-31,Lapsed Players,23119,0.7635829177263269,214.53138111510015,0.0,0.0,11.317790561875514,0.0,0.0010813616505904234,0.0,0.0
2007-01-31,Low Activity / Other,2087,0.06893021105129306,16.789171058936272,2.179683756588404,8.082414949688548,16.461907043603258,0.34211787254432197,0.0,0.0776233828461907,0.0
2007-01-31,New Explorers,488,0.016117845229051755,2.165983606557377,1.6700819672131149,15.524590163934427,8.471311475409836,2.3258196721311477,0.0,0.33811475409836067,0.0
2007-01-31,Reactivated Players,289,0.009545199326221224,2.3494809688581313,1.4152249134948096,9.131487889273357,25.05190311418685,0.370242214532872,0.0,0.06228373702422145,1.0
2007-02-28,At-Risk Players,385,0.01205347359193513,18.961038961038962,2.8753246753246753,24.01298701298701,39.58441558441559,0.35064935064935066,0.0,0.07792207792207792,0.0
2007-02-28,Casual Returners,1693,0.05300397608089916,8.015357353809804,3.433549911399882,13.106910809214412,24.314825753101005,0.4051978735971648,0.0,0.06674542232722977,0.0
2007-02-28,Core Engaged,1765,0.055258132181209105,1.614730878186969,18.79943342776204,444.55354107648725,51.40169971671388,4.060056657223796,0.0,0.38696883852691216,0.0
2007-02-28,Fast Progressors,380,0.011896934973858051,7.121052631578947,5.844736842105263,48.53947368421053,18.93421052631579,5.0,0.0,1.0,0.0
2007-02-28,Lapsed Players,24832,0.7774333928180082,226.0698292525773,0.0,0.0,11.50060405927835,0.0,0.0010067654639175257,0.0,0.0
2007-02-28,Low Activity / Other,2168,0.06787514479822172,16.745848708487085,2.208487084870849,8.041512915129152,15.652675276752767,0.3067343173431734,0.0,0.06780442804428044,0.0
2007-02-28,New Explorers,404,0.012648320340628032,2.014851485148515,1.6732673267326732,19.559405940594058,7.294554455445544,2.891089108910891,0.0,0.39851485148514854,0.0
2007-02-28,Reactivated Players,314,0.0098306252152406,2.4203821656050954,1.4203821656050954,7.36624203821656,22.585987261146496,0.3343949044585987,0.0,0.06369426751592357,1.0
2007-03-31,At-Risk Players,334,0.009827576060730888,19.58383233532934,2.781437125748503,22.676646706586826,33.06287425149701,0.32934131736526945,0.0,0.07784431137724551,0.0
2007-03-31,Casual Returners,1728,0.05084446536809274,8.682291666666666,3.4479166666666665,13.088541666666666,26.93113425925926,0.30844907407407407,0.0,0.04918981481481482,0.0
2007-03-31,Core Engaged,1791,0.05269816983463779,1.8514796203238415,16.820770519262982,389.25739810161923,52.13288665549972,3.6370742601898383,0.0,0.3545505304299274,0.0
2007-03-31,Fast Progressors,296,0.00870946860471959,8.506756756756756,5.530405405405405,41.195945945945944,18.118243243243242,4.510135135135135,0.0,1.0,0.0
2007-03-31,Lapsed Players,26530,0.7806155475784147,239.84775725593667,0.0,0.0,11.086618921975122,0.0,0.0009423294383716547,0.0,0.0
2007-03-31,Low Activity / Other,2035,0.059877596657447185,16.856511056511057,2.058968058968059,6.983292383292383,15.825552825552826,0.3936117936117936,0.0,0.08697788697788698,0.0
2007-03-31,New Explorers,757,0.022273877478961927,2.347424042272127,1.5865257595772788,16.60898282694848,7.948480845442536,2.3236459709379127,0.0,0.3381770145310436,0.0
2007-03-31,Reactivated Players,515,0.015153298416995233,2.2310679611650484,1.7339805825242718,16.497087378640778,33.73009708737864,0.39805825242718446,0.0,0.07184466019417475,1.0
2007-04-30,At-Risk Players,504,0.011829597465086257,19.91269841269841,2.501984126984127,28.09325396825397,39.236111111111114,0.3392857142857143,0.0,0.003968253968253968,0.0
2007-04-30,Casual Returners,3304,0.07754958338223213,11.743038740920097,3.0457021791767556,11.567191283292978,18.005750605326877,1.5311743341404358,0.0,0.06779661016949153,0.0
2007-04-30,Core Engaged,3593,0.08433282478582325,4.698302254383523,14.946006123016977,406.0180907319789,44.13915947676037,10.96576676871695,0.0,0.6490397996103535,0.0
2007-04-30,Fast Progressors,470,0.011031569064663772,11.406382978723403,4.165957446808511,32.28936170212766,9.646808510638298,7.897872340425532,0.0,1.0,0.0
2007-04-30,Lapsed Players,27459,0.6445018190353244,254.52653046360027,0.0,0.0,10.235696857132451,0.0,0.0009104483047452566,0.0,0.0
2007-04-30,Low Activity / Other,5878,0.13796502757892265,19.86968356583872,1.3404219122150391,4.212487240558013,9.239707383463763,0.8089486219802654,0.0,0.027220142905750255,0.0
2007-04-30,New Explorers,1085,0.025466494542894028,2.16036866359447,1.536405529953917,15.308755760368664,5.035023041474655,2.6175115207373274,0.0,0.17050691244239632,0.0
2007-04-30,Reactivated Players,312,0.007323084145053398,2.269230769230769,1.3653846153846154,10.28525641025641,22.14423076923077,0.5833333333333334,0.0,0.028846153846153848,1.0
2007-05-31,At-Risk Players,1006,0.021887170115092575,17.32803180914513,3.2047713717693838,34.709741550695824,35.25248508946322,0.5924453280318092,0.0,0.03180914512922465,0.0
2007-05-31,Casual Returners,2032,0.04420947283684703,12.062007874015748,3.199803149606299,13.767224409448819,20.959153543307085,1.0994094488188977,0.0,0.09891732283464567,0.0
2007-05-31,Core Engaged,2318,0.050431869112111914,3.921484037963762,16.19025021570319,411.8593615185505,54.95125107851596,6.4383088869715275,0.0,0.502588438308887,0.0
2007-05-31,Fast Progressors,383,0.008332789417575006,11.660574412532638,4.712793733681462,39.44386422976501,12.028720626631854,7.725848563968668,0.0,1.0,0.0
2007-05-31,Lapsed Players,36127,0.7860017840436874,226.80734630608686,0.0,0.0,10.266282835552357,0.0,0.0006920032108948985,0.0,0.0
2007-05-31,Low Activity / Other,3811,0.08291451819942128,18.376541590133822,1.5158750983993703,4.7698766727892945,11.068748360010495,0.5261086329047494,0.0,0.05326685909210181,0.0
2007-05-31,New Explorers,231,0.005025781606944717,0.961038961038961,1.1385281385281385,11.38961038961039,9.1991341991342,1.9090909090909092,0.0,0.2077922077922078,0.0
2007-05-31,Reactivated Players,55,0.0011966146683201706,0.8727272727272727,1.0,5.4363636363636365,25.963636363636365,0.2909090909090909,0.0,0.0,1.0
2007-06-30,At-Risk Players,432,0.008692502716407098,19.65509259259259,2.696759259259259,29.46990740740741,39.75925925925926,0.4375,0.0,0.032407407407407406,0.0
2007-06-30,Casual Returners,2289,0.04605819147651817,9.756662297946702,3.308868501529052,12.82262996941896,22.23285277413718,0.8615115771079074,0.0,0.07077326343381389,0.0
2007-06-30,Core Engaged,2539,0.051088574992957464,2.0854667191807796,19.24379677038204,513.0547459629776,55.362741236707365,5.689641591177629,0.0,0.4356045687278456,0.0
2007-06-30,Fast Progressors,333,0.006700470843897139,10.015015015015015,4.918918918918919,39.408408408408405,12.42942942942943,7.156156156156156,0.0,1.0,0.0
2007-06-30,Lapsed Players,39262,0.7900116704897582,237.4851000967857,0.0,0.0,10.090418216086801,0.0,0.0006367480006112781,0.0,0.0
2007-06-30,Low Activity / Other,3263,0.06565656565656566,18.143426294820717,1.7916028194912657,5.837266319338032,11.643579528041679,0.6276432730615997,0.0,0.06037388905914802,0.0
2007-06-30,New Explorers,1148,0.023099521107489234,2.481707317073171,1.5235191637630663,15.128919860627178,5.2613240418118465,3.000871080139373,0.0,0.31097560975609756,0.0
2007-06-30,Reactivated Players,432,0.008692502716407098,2.5393518518518516,1.3472222222222223,9.331018518518519,22.92361111111111,0.6504629629629629,0.0,0.05092592592592592,1.0
2007-07-31,At-Risk Players,527,0.009905084108636407,18.29032258064516,2.9468690702087286,27.8842504743833,40.514231499051235,0.3776091081593928,0.0,0.015180265654648957,0.0
2007-07-31,Casual Returners,2181,0.0409923879334649,9.388812471343421,3.2420907840440165,13.737276478679505,22.267308574048602,1.1104997707473636,0.0,0.10591471801925723,0.0
2007-07-31,Core Engaged,2400,0.04510854243022272,1.7583333333333333,19.5675,494.37083333333334,55.9675,5.236666666666666,0.0,0.40541666666666665,0.0
2007-07-31,Fast Progressors,407,0.00764965698712527,8.943488943488944,4.938574938574939,40.584766584766584,12.14004914004914,7.152334152334152,0.0,1.0,0.0
2007-07-31,Lapsed Players,43194,0.8118409923879335,245.64652498032135,0.0,0.0,10.028545631337686,0.0,0.0005787840903829235,0.0,0.0
2007-07-31,Low Activity / Other,3108,0.05841556244713843,17.84009009009009,1.7676962676962678,6.405083655083655,12.514800514800514,0.7123552123552124,0.0,0.07207207207207207,0.0
2007-07-31,New Explorers,998,0.018757635560567615,2.217434869739479,1.7915831663326653,26.38577154308617,7.1653306613226455,4.566132264529058,0.0,0.4498997995991984,0.0
2007-07-31,Reactivated Players,390,0.007330138144911192,2.2717948717948717,1.4512820512820512,10.505128205128205,23.817948717948717,0.6102564102564103,0.0,0.05384615384615385,1.0
2007-08-31,At-Risk Players,477,0.008308512306004075,18.740041928721173,2.758909853249476,31.47379454926625,38.79664570230608,0.38155136268343814,0.0,0.012578616352201259,0.0
2007-08-31,Casual Returners,2302,0.04009684555224609,9.807993049522155,3.2258905299739355,14.844048653344917,21.96611642050391,1.3609904430929627,0.0,0.09774109470026064,0.0
2007-08-31,Core Engaged,2675,0.046593858319834175,1.966355140186916,19.252336448598133,471.5196261682243,54.715514018691586,6.781682242990654,0.0,0.3872897196261682,0.0
2007-08-31,Fast Progressors,515,0.008970406368117608,10.627184466019418,4.846601941747573,45.5378640776699,12.281553398058252,8.689320388349515,0.0,1.0,0.0
2007-08-31,Lapsed Players,46488,0.8097402936719444,257.28450352779214,0.0,0.0,9.939876957494407,0.0,0.0005377731887799002,0.0,0.0
2007-08-31,Low Activity / Other,3584,0.06242706101618157,17.55078125,1.7868303571428572,6.928292410714286,12.067801339285714,0.8791852678571429,0.0,0.05524553571428571,0.0
2007-08-31,New Explorers,908,0.01581578443155493,2.567180616740088,1.881057268722467,22.14977973568282,6.6244493392070485,4.23568281938326,0.0,0.36784140969163,0.0
2007-08-31,Reactivated Players,462,0.008047238334117156,2.761904761904762,1.393939393939394,8.183982683982684,22.406926406926406,0.46320346320346323,0.0,0.030303030303030304,1.0
2007-09-30,At-Risk Players,576,0.009665078193167326,20.38715277777778,2.765625,34.21006944444444,38.798611111111114,0.6111111111111112,0.0,0.05381944444444445,0.0
2007-09-30,Casual Returners,2019,0.03387811262500839,8.758296186230808,3.41802872709262,15.681525507677067,24.303120356612183,0.821198613174839,0.0,0.06042595344229817,0.0
2007-09-30,Core Engaged,2288,0.03839183837841466,1.2862762237762237,20.737325174825173,499.16346153846155,58.16783216783217,5.468968531468532,0.0,0.388986013986014,0.0
2007-09-30,Fast Progressors,543,0.009111349755017116,7.627992633517495,6.189686924493555,60.34438305709024,15.712707182320441,8.075506445672191,0.0,1.0,0.0
2007-09-30,Lapsed Players,50505,0.8474562051144372,265.2811404811405,0.0,0.0,9.865082665082666,0.0,0.000495000495000495,0.0,0.0
2007-09-30,Low Activity / Other,2705,0.04538895227867642,16.376709796672827,2.4635859519408503,11.755268022181147,17.791866913123844,0.6365988909426987,0.0,0.05619223659889094,0.0
2007-09-30,New Explorers,500,0.00838982482045775,2.11,1.906,24.484,8.052,4.27,0.0,0.454,0.0
2007-09-30,Reactivated Players,460,0.007718638834821129,2.4347826086956523,1.3217391304347825,6.273913043478261,23.091304347826085,0.29347826086956524,0.0,0.02608695652173913,1.0
2007-10-31,At-Risk Players,485,0.007836610706264442,19.1340206185567,2.971134020618557,29.202061855670102,39.437113402061854,0.4309278350515464,0.0,0.05360824742268041,0.0
2007-10-31,Casual Returners,2114,0.0341579279031815,8.955534531693472,3.4058656575212867,15.177388836329234,26.054399243140963,0.7890255439924314,0.0,0.08987701040681173,0.0
2007-10-31,Core Engaged,2335,0.037728837111603034,1.430406852248394,20.798286937901498,486.7152034261242,57.923340471092075,5.170877944325482,0.0,0.39186295503211993,0.0
2007-10-31,Fast Progressors,611,0.009872513693871286,7.2078559738134205,6.101472995090016,55.366612111292966,16.155482815057283,6.914893617021277,0.0,1.0,0.0
2007-10-31,Lapsed Players,52824,0.8535280906138409,282.46058609722854,0.0,0.0,9.957973648341662,0.0,0.00047326972588217475,0.0,0.0
2007-10-31,Low Activity / Other,2624,0.04239848761492349,15.719893292682928,2.4371189024390243,10.550304878048781,17.73513719512195,0.5651676829268293,0.0,0.078125,0.0
2007-10-31,New Explorers,463,0.007481135581444198,2.2181425485961124,1.9676025917926565,27.809935205183585,7.9373650107991365,4.140388768898488,0.0,0.4773218142548596,0.0
2007-10-31,Reactivated Players,433,0.0069963967748711406,2.2979214780600463,1.4364896073903002,10.099307159353348,23.31408775981524,0.625866050808314,0.0,0.08314087759815242,1.0
2007-11-30,At-Risk Players,525,0.008231807704972012,18.662857142857142,2.9085714285714284,29.740952380952383,39.81142857142857,0.25333333333333335,0.0,0.02857142857142857,0.0
2007-11-30,Casual Returners,1970,0.030888878435799738,8.951269035532995,3.4035532994923856,14.558883248730965,25.87005076142132,0.6548223350253807,0.0,0.07055837563451776,0.0
2007-11-30,Core Engaged,2246,0.035216457343556454,1.1460373998219056,21.325022261798754,484.7707034728406,60.03250222617987,4.966607301869991,0.0,0.3753339269813001,0.0
2007-11-30,Fast Progressors,570,0.008937391222541042,7.73859649122807,6.245614035087719,58.180701754385964,18.989473684210527,6.61578947368421,0.0,1.0,0.0
2007-11-30,Lapsed Players,55144,0.8646377220628126,298.6982808646453,0.0,0.0,10.029359495139998,0.0,0.00045335847961700275,0.0,0.0
2007-11-30,Low Activity / Other,2457,0.038524860059269014,15.613349613349614,2.578347578347578,11.978428978428978,19.924704924704926,0.4993894993894994,0.0,0.06308506308506308,0.0
2007-11-30,New Explorers,485,0.007604622356021763,2.331958762886598,1.820618556701031,21.243298969072164,6.971134020618557,3.6948453608247425,0.0,0.44948453608247424,0.0
2007-11-30,Reactivated Players,380,0.005958260815027361,2.7578947368421054,1.3657894736842104,9.286842105263158,23.592105263157894,0.4394736842105263,0.0,0.05789473684210526,1.0
2007-12-31,At-Risk Players,446,0.006804693102238225,18.569506726457398,3.286995515695067,43.488789237668165,42.74215246636771,0.5515695067264574,0.0,0.06278026905829596,0.0
2007-12-31,Casual Returners,1987,0.030315975771630838,8.136386512330146,3.4408656265727227,14.464519375943633,27.234021137393054,0.6245596376446905,0.0,0.06039255158530448,0.0
2007-12-31,Core Engaged,2226,0.033962436873502894,1.0287511230907458,21.676999101527404,523.866576819407,61.87646001796945,5.051662174303684,0.0,0.3553459119496855,0.0
2007-12-31,Fast Progressors,634,0.00967303907358528,6.212933753943218,6.7728706624605675,65.2018927444795,21.19558359621451,6.924290220820189,0.0,1.0,0.0
2007-12-31,Lapsed Players,56953,0.868941000564515,318.0389092760697,0.0,0.0,9.996839499236213,0.0,0.00043895843941495617,0.0,0.0
2007-12-31,Low Activity / Other,2382,0.036342553743344067,15.981947942905121,2.690596137699412,12.922753988245173,20.764903442485306,0.42527287993282953,0.0,0.05667506297229219,0.0
2007-12-31,New Explorers,453,0.006911493218192637,2.196467991169978,1.6997792494481236,19.94260485651214,6.417218543046357,3.7439293598233996,0.0,0.4282560706401766,0.0
2007-12-31,Reactivated Players,462,0.007048807652991166,2.3051948051948052,1.3593073593073592,10.393939393939394,26.865800865800868,0.46320346320346323,0.0,0.05627705627705628,1.0
2008-01-31,At-Risk Players,488,0.0072415379364584725,18.608606557377048,2.831967213114754,30.059426229508198,42.97745901639344,0.375,0.0,0.03483606557377049,0.0
2008-01-31,Casual Returners,1909,0.0283280654112689,8.48559455212153,3.4484023048716606,15.528025144054478,27.53273965426925,0.7396542692509167,0.0,0.08381351492928235,0.0
2008-01-31,Core Engaged,2257,0.03349211295612044,1.0908285334514842,21.490474080638016,498.15064244572443,62.02968542312804,4.880372175454142,0.0,0.3407177669472751,0.0
2008-01-31,Fast Progressors,662,0.00982356170888424,6.2749244712990935,6.56797583081571,66.50906344410876,22.012084592145015,6.990936555891238,0.0,1.0,0.0
2008-01-31,Lapsed Players,58789,0.8723827330870023,336.7895524672983,0.0,0.0,10.081545867424177,0.0,0.0004082396366667234,0.0,0.0
2008-01-31,Low Activity / Other,2409,0.035747673952722256,15.58904109589041,2.833125778331258,14.756745537567456,21.378580323785805,0.46077210460772106,0.0,0.06019095060190951,0.0
2008-01-31,New Explorers,442,0.006558933950644764,2.3778280542986425,1.7171945701357465,17.604072398190045,6.341628959276018,3.3506787330316743,0.0,0.416289592760181,0.0
2008-01-31,Reactivated Players,433,0.006425380996898603,2.7182448036951503,1.3672055427251733,10.508083140877599,25.30254041570439,0.6443418013856813,0.0,0.07159353348729793,1.0
2008-02-29,At-Risk Players,509,0.007372537659327926,18.825147347740668,2.9783889980353635,29.359528487229863,44.69941060903733,0.45579567779960706,0.0,0.05108055009823183,0.0
2008-02-29,Casual Returners,1958,0.028360370799536502,8.61899897854954,3.3912155260469867,14.765066394279877,28.548008171603676,0.6629213483146067,0.0,0.06996935648621042,0.0
2008-02-29,Core Engaged,2299,0.033299536500579374,1.2074815137016095,20.92040017398869,496.22401043932143,62.20748151370161,5.053501522401044,0.0,0.3423227490213136,0.0
2008-02-29,Fast Progressors,681,0.009863847045191193,6.954478707782672,6.3274596182085165,63.95741556534508,22.027900146842878,6.795888399412629,0.0,1.0,0.0
2008-02-29,Lapsed Players,60292,0.8732908458864427,354.91804882903205,0.0,0.0,10.087341604192927,0.0,0.00039806276122868704,0.0,0.0
2008-02-29,Low Activity / Other,2402,0.03479142526071843,15.489592006661116,2.9004995836802663,15.131973355537053,22.102830974188176,0.5104079933388843,0.0,0.06702747710241465,0.0
2008-02-29,New Explorers,451,0.0065324449594438005,2.401330376940133,1.8736141906873613,19.895787139689578,6.658536585365853,3.929046563192905,0.0,0.49223946784922396,0.0
2008-02-29,Reactivated Players,448,0.006488991888760139,2.5,1.4977678571428572,11.685267857142858,26.0625,0.6875,0.0,0.07366071428571429,1.0
2008-03-31,At-Risk Players,569,0.008049115163174945,18.757469244288224,2.775043936731107,24.84007029876977,43.249560632688926,0.35500878734622143,0.0,0.0421792618629174,0.0
2008-03-31,Casual Returners,1936,0.02738679605607503,8.724690082644628,3.46900826446281,15.327995867768594,29.017045454545453,0.6430785123966942,0.0,0.07541322314049587,0.0
2008-03-31,Core Engaged,2234,0.03160232561429319,1.184870188003581,21.03446732318711,476.1316025067144,62.961504028648164,4.2739480752014325,0.0,0.2990152193375112,0.0
2008-03-31,Fast Progressors,580,0.008204721958948098,7.56551724137931,6.374137931034483,61.70172413793104,21.208620689655174,6.86896551724138,0.0,1.0,0.0
2008-03-31,Lapsed Players,62258,0.8807061719313632,372.60848405024257,0.0,0.0,10.250827202929743,0.0,0.00036943043464293744,0.0,0.0
2008-03-31,Low Activity / Other,2413,0.03413447256369269,15.553667633651056,2.7302113551595526,14.329465395772896,22.358060505594697,0.5010360547036884,0.0,0.06257770410277663,0.0
2008-03-31,New Explorers,344,0.004866248885996803,2.0174418604651163,1.686046511627907,18.186046511627907,6.587209302325581,3.145348837209302,0.0,0.4011627906976744,0.0
2008-03-31,Reactivated Players,357,0.005050147826455985,2.053221288515406,1.4089635854341738,10.5406162464986,27.50140056022409,0.5154061624649859,0.0,0.06442577030812324,1.0
2008-04-30,At-Risk Players,541,0.007526537653556671,17.273567467652494,2.8484288354898335,29.924214417744917,48.48798521256931,0.27726432532347506,0.0,0.07208872458410351,0.0
2008-04-30,Casual Returners,1674,0.023289138691411956,6.810035842293907,3.495221027479092,15.360812425328554,32.74432497013142,0.43428912783751494,0.0,0.07765830346475508,0.0
2008-04-30,Core Engaged,1902,0.02646113607590534,1.2176656151419558,19.34858044164038,431.3144058885384,64.59831756046268,3.027339642481598,0.0,0.23764458464773922,0.0
2008-04-30,Fast Progressors,529,0.007359590422793862,4.982986767485822,6.638941398865785,61.16635160680529,26.931947069943288,5.064272211720227,0.0,1.0,0.0
2008-04-30,Lapsed Players,64452,0.896673576427051,388.34209954694967,0.0,0.0,10.489620182461367,0.0,0.0003568547135853038,0.0,0.0
2008-04-30,Low Activity / Other,2044,0.02843667830659859,14.521037181996086,2.799412915851272,14.454990215264187,23.73091976516634,0.3649706457925636,0.0,0.08561643835616438,0.0
2008-04-30,New Explorers,319,0.004438013884444692,2.4294670846394983,1.7774294670846396,20.100313479623825,6.41692789968652,3.554858934169279,0.0,0.542319749216301,0.0
2008-04-30,Reactivated Players,418,0.005815328538237872,2.7583732057416266,1.394736842105263,8.454545454545455,24.717703349282296,0.5382775119617225,0.0,0.11004784688995216,1.0
2008-05-31,At-Risk Players,341,0.00467264106991148,16.835777126099707,2.897360703812317,31.181818181818183,53.81818181818182,0.24926686217008798,0.0,0.05865102639296188,0.0
2008-05-31,Casual Returners,1538,0.021074844473677,6.754876462938881,3.475292587776333,16.69700910273082,35.18010403120936,0.38881664499349805,0.0,0.05916775032509753,0.0
2008-05-31,Core Engaged,1739,0.023829099180574968,0.8309373202990225,17.50546290971823,368.7061529614721,64.27199539965497,3.0051753881541114,0.0,0.26624496837262795,0.0
2008-05-31,Fast Progressors,507,0.006947299186056072,5.65680473372781,6.333333333333333,59.45956607495069,26.564102564102566,5.3609467455621305,0.0,1.0,0.0
2008-05-31,Lapsed Players,66296,0.9084381594453123,406.8707765174369,0.0,0.0,10.744388801737662,0.0,0.00034692892482201035,0.0,0.0
2008-05-31,Low Activity / Other,1723,0.023609855024801996,12.579222286709228,3.1276842716192688,16.51363900174115,27.00464306442252,0.3383633197910621,0.0,0.0713871154962275,0.0
2008-05-31,New Explorers,332,0.004549316232289183,2.0180722891566263,1.8373493975903614,22.65963855421687,6.731927710843373,4.153614457831325,0.0,0.5542168674698795,0.0
2008-05-31,Reactivated Players,502,0.006878785387377018,2.147410358565737,1.5119521912350598,9.806772908366534,28.932270916334662,0.47410358565737054,0.0,0.08764940239043825,1.0
2008-06-30,At-Risk Players,399,0.005378953328480142,20.235588972431078,2.744360902255639,29.36842105263158,49.954887218045116,0.41102756892230574,0.0,0.10776942355889724,0.0
2008-06-30,Casual Returners,1522,0.02051821294723503,8.224047306176084,3.5105124835742445,16.512483574244417,34.802233902759525,0.4724047306176084,0.0,0.08081471747700394,0.0
2008-06-30,Core Engaged,1754,0.023645824907654562,1.1362599771949828,17.716647662485748,373.62086659064994,63.83580387685291,3.6396807297605474,0.0,0.3107183580387685,0.0
2008-06-30,Fast Progressors,509,0.0068618727924721614,7.705304518664047,6.070726915520629,58.63457760314342,25.968565815324165,5.587426326129666,0.0,1.0,0.0
2008-06-30,Lapsed Players,67105,0.9046482784653131,429.7565010058863,0.0,0.0,10.762789657998658,0.0,0.00034274644214291034,0.0,0.0
2008-06-30,Low Activity / Other,1946,0.02623419342662245,16.24820143884892,3.1012332990750258,16.368448098663926,27.930626927029806,0.35251798561151076,0.0,0.07810894141829394,0.0
2008-06-30,New Explorers,421,0.005675537221278546,2.2755344418052257,1.7197149643705463,19.401425178147267,6.064133016627078,3.2850356294536818,0.0,0.42992874109263657,0.0
2008-06-30,Reactivated Players,522,0.007037126910943946,2.1666666666666665,1.5134099616858236,12.925287356321839,29.273946360153257,0.5632183908045977,0.0,0.10344827586206896,1.0
2008-07-31,At-Risk Players,386,0.005088723073272339,19.28497409326425,2.795336787564767,26.746113989637305,52.634715025906736,0.25906735751295334,0.0,0.06994818652849741,0.0
2008-07-31,Casual Returners,1708,0.022516940438210245,8.68559718969555,3.4754098360655736,14.9115925058548,34.028688524590166,0.4637002341920375,0.0,0.08079625292740047,0.0
2008-07-31,Core Engaged,1968,0.025944577741450682,1.6468495934959348,19.971544715447155,417.2205284552846,61.84400406504065,4.608231707317073,0.0,0.3399390243902439,0.0
2008-07-31,Fast Progressors,531,0.007000290030848736,7.68361581920904,5.979284369114877,53.72128060263653,21.828625235404896,5.772128060263653,0.0,1.0,0.0
2008-07-31,Lapsed Players,68127,0.8981332559917736,451.5664420861039,0.0,0.0,10.795749115622293,0.0,0.00033760476756645677,0.0,0.0
2008-07-31,Low Activity / Other,2345,0.030914651831149314,15.71727078891258,2.5402985074626865,11.618763326226013,22.133475479744135,0.4460554371002132,0.0,0.0997867803837953,0.0
2008-07-31,New Explorers,371,0.00489097476731616,2.4851752021563343,1.940700808625337,24.77088948787062,6.60377358490566,4.439353099730458,0.0,0.5444743935309974,0.0
2008-07-31,Reactivated Players,418,0.005510586125978854,2.6196172248803826,1.3421052631578947,8.095693779904305,28.679425837320576,0.41626794258373206,0.0,0.08851674641148326,1.0
2008-08-31,At-Risk Players,473,0.0061089800715512675,19.473572938689216,2.995771670190275,29.454545454545453,51.41860465116279,0.35095137420718814,0.0,0.07822410147991543,0.0
2008-08-31,Casual Returners,1593,0.020574218295943275,8.279974890144382,3.3804143126177024,15.25549278091651,34.23226616446956,0.578782172002511,0.0,0.09416195856873823,0.0
2008-08-31,Core Engaged,1905,0.024603820372738193,1.3223097112860893,19.752755905511812,398.66719160104986,61.418897637795276,4.4776902887139105,0.0,0.3417322834645669,0.0
2008-08-31,Fast Progressors,458,0.005915249202474589,7.868995633187773,5.906113537117904,51.13100436681223,21.95414847161572,5.4825327510917035,0.0,1.0,0.0
2008-08-31,Lapsed Players,69995,0.9040128120681417,468.38199871419386,0.0,0.0,10.862933066647617,0.0,0.00032859489963568824,0.0,0.0
2008-08-31,Low Activity / Other,2212,0.028568845493174216,15.509493670886076,2.6053345388788425,11.500904159132007,23.436708860759495,0.3318264014466546,0.0,0.07368896925858952,0.0
2008-08-31,New Explorers,413,0.005334056595244553,2.36319612590799,1.523002421307506,15.26634382566586,4.915254237288136,2.74818401937046,0.0,0.4067796610169492,0.0
2008-08-31,Reactivated Players,378,0.004882017900732303,1.8941798941798942,1.3994708994708995,9.846560846560847,32.27513227513227,0.4312169312169312,0.0,0.082010582010582,1.0
2008-09-30,At-Risk Players,431,0.005474962526358578,18.45243619489559,2.91415313225058,25.31322505800464,49.78654292343388,0.27842227378190254,0.0,0.06496519721577726,0.0
2008-09-30,Casual Returners,1521,0.01932115545844872,8.310322156476003,3.4023668639053253,14.88231426692965,35.10585141354372,0.5213675213675214,0.0,0.09204470742932282,0.0
2008-09-30,Core Engaged,1843,0.02341149869159828,1.2875746066196418,19.761258817145958,387.60336408030383,61.68583830710798,4.8735756918068365,0.0,0.35756918068366794,0.0
2008-09-30,Fast Progressors,461,0.005856050405223445,7.273318872017353,6.197396963123644,55.466377440347074,23.34056399132321,5.765726681127982,0.0,1.0,0.0
2008-09-30,Lapsed Players,71522,0.9085389090724321,485.8540309275468,0.0,0.0,10.866950029361595,0.0,0.0003215793741785744,0.0,0.0
2008-09-30,Low Activity / Other,2088,0.02652371636899469,15.056034482758621,2.8726053639846745,13.062260536398467,25.638409961685824,0.40086206896551724,0.0,0.09099616858237548,0.0
2008-09-30,New Explorers,339,0.004306293031172989,1.935103244837758,1.8761061946902655,24.787610619469028,7.061946902654867,4.40117994100295,0.0,0.5781710914454278,0.0
2008-09-30,Reactivated Players,517,0.006567414445771195,2.0483558994197293,1.369439071566731,9.783365570599614,36.2862669245648,0.39264990328820115,0.0,0.058027079303675046,1.0
2008-10-31,At-Risk Players,466,0.00547809935814544,19.78540772532189,3.300429184549356,35.3755364806867,49.59442060085837,0.10944206008583691,0.0,0.15236051502145923,0.0
2008-10-31,Casual Returners,2177,0.025591893353396185,10.989894350022967,2.6894809370693613,6.210840606338999,19.197978870004594,0.21451538814882867,0.0,0.09508497932935232,0.0
2008-10-31,Core Engaged,2859,0.033609197564244235,3.310947883875481,13.797131864288213,222.6362364463099,56.37460650577125,3.4575026232948582,0.0,0.39979013641133265,0.0
2008-10-31,Fast Progressors,159,0.0018691369054616416,9.352201257861635,3.861635220125786,12.628930817610064,15.220125786163521,2.0817610062893084,0.0,1.0,0.0
2008-10-31,Lapsed Players,72463,0.8518444501916159,506.1080965458234,0.0,0.0,10.759491050605137,0.0,0.0003174033644756634,0.0,0.0
2008-10-31,Low Activity / Other,5916,0.06954599957679919,18.721095334685597,1.0731913455037188,2.1862745098039214,6.937795807978364,0.14367816091954022,0.0,0.06997971602434078,0.0
2008-10-31,New Explorers,417,0.004902076035078645,3.062350119904077,1.5419664268585132,12.482014388489208,4.4556354916067145,2.2541966426858515,0.0,0.38369304556354916,0.0
2008-10-31,Reactivated Players,609,0.007159147015258741,2.7077175697865354,1.6059113300492611,12.914614121510674,36.06732348111658,0.3464696223316913,0.0,0.13793103448275862,1.0
2008-11-30,At-Risk Players,542,0.006120766563901029,18.581180811808117,3.2527675276752768,20.85239852398524,51.03136531365314,0.474169741697417,0.0,0.03136531365313653,0.0
2008-11-30,Casual Returners,2092,0.023624803785389212,8.723231357552581,3.3546845124282982,12.144837476099426,39.976099426386234,0.7452198852772467,0.0,0.04445506692160612,0.0
2008-11-30,Core Engaged,2280,0.025747874106447133,2.748245614035088,15.16798245614035,229.90043859649123,65.28640350877193,6.314912280701755,0.0,0.5464912280701755,0.0
2008-11-30,Fast Progressors,192,0.0021682420300166007,7.671875,4.989583333333333,30.796875,28.494791666666668,6.0625,0.0,1.0,0.0
2008-11-30,Lapsed Players,78762,0.8894535352508723,493.0148548792565,0.0,0.0,10.187069906807851,0.0,0.0002920189939310835,0.0,0.0
2008-11-30,Low Activity / Other,3142,0.0354823773870425,16.26098026734564,1.704328453214513,4.611075747931254,20.986950986632717,0.3068109484404838,0.0,0.02132399745385105,0.0
2008-11-30,New Explorers,1039,0.011733351402016918,2.111645813282002,1.8912415784408085,15.670837343599615,22.40038498556304,2.65832531280077,0.0,0.25409047160731474,0.0
2008-11-30,Reactivated Players,502,0.005669049474314237,2.2768924302788847,1.4362549800796813,7.655378486055777,32.56374501992032,0.3426294820717131,0.0,0.027888446215139442,1.0
2008-12-31,At-Risk Players,492,0.005432142383959723,18.451219512195124,2.4613821138211383,13.231707317073171,57.84146341463415,0.4065040650406504,0.0,0.022357723577235773,0.0
2008-12-31,Casual Returners,2015,0.02224749370666431,8.49727047146402,3.4759305210918114,12.040694789081886,42.0258064516129,0.818362282878412,0.0,0.0511166253101737,0.0
2008-12-31,Core Engaged,2001,0.022092920549397165,1.9005497251374313,20.11744127936032,340.87506246876563,69.63168415792104,7.037981009495252,0.0,0.6281859070464768,0.0
2008-12-31,Fast Progressors,226,0.0024952523958839375,8.353982300884956,5.477876106194691,33.584070796460175,21.154867256637168,7.154867256637168,0.0,1.0,0.0
2008-12-31,Lapsed Players,82455,0.9103806916044693,499.35187678127465,0.0,0.0,10.673809956946213,0.0,0.00026681220059426354,0.0,0.0
2008-12-31,Low Activity / Other,2526,0.027889413946915163,17.601741884402216,2.123119556611243,5.871338083927157,24.840459224069676,0.4065716547901821,0.0,0.02573238321456849,0.0
2008-12-31,New Explorers,368,0.004063065848164996,2.1739130434782608,1.5923913043478262,11.173913043478262,16.184782608695652,2.375,0.0,0.22554347826086957,0.0
2008-12-31,Reactivated Players,489,0.005399019564545334,2.4294478527607364,1.3844580777096114,6.813905930470348,35.41308793456033,0.48057259713701433,0.0,0.028629856850715747,1.0
2009-01-10,At-Risk Players,535,0.005875505183623265,18.66355140186916,2.730841121495327,18.097196261682242,59.222429906542054,0.38317757009345793,0.0,0.03364485981308411,0.0
2009-01-10,Casual Returners,1814,0.019921806360920752,9.55457552370452,3.439911797133407,11.703417861080485,42.10308710033076,0.7309812568908489,0.0,0.06560088202866593,0.0
2009-01-10,Core Engaged,1911,0.02098708487084871,2.1077969649398223,20.671899529042385,350.0852956567242,70.89952904238619,5.924123495552067,0.0,0.6028257456828885,0.0
2009-01-10,Fast Progressors,331,0.0036351256369706554,8.764350453172206,6.003021148036254,38.42296072507553,29.045317220543808,6.483383685800605,0.0,1.0,0.0
2009-01-10,Lapsed Players,83459,0.9165678263925496,502.984711055728,0.0,0.0,10.779232916761524,0.0,0.000263602487448927,0.0,0.0
2009-01-10,Low Activity / Other,2368,0.02600597434545774,16.21537162162162,2.323902027027027,6.903716216216216,27.152027027027028,0.4066722972972973,0.0,0.04983108108108108,0.0
2009-01-10,New Explorers,305,0.0033495870672992445,3.0295081967213116,1.6459016393442623,12.452459016393442,13.914754098360655,2.760655737704918,0.0,0.3180327868852459,0.0
2009-01-10,Reactivated Players,333,0.0036570901423299946,3.0,1.3993993993993994,6.165165165165165,37.126126126126124,0.15615615615615616,0.0,0.036036036036036036,1.0
